Title,ID,Meas,Published,DiagStatus,DepStatus,nDep,nCon,ageDep,ageCon,sex,edu,matchAge,matchEdu,IQDep,episode,onsetAge,onsetAgeCalc,onset,duration,durationCalc,med,Recruitment,MADRS,HDRS,BDI,BDICalc,HADS,CESD,GDS-30,SDS,DID,MASQ,d,cp,g,varg,Stat used,AMT,Positive,Neutral,Negative,Specific,Categoric
Goddard 1997,1,1,1,,1,16,16,23.6,24.9,0.3125,,1,1,,,,,,,,,0,,,22.9,22.9,,,,,,,-1.089151046,0.974789916,-1.061693456,0.142612391,F ,1,,,,1,0
Lemogne 2006,2,1,1,1,1,21,21,38.14,38.48,0.619,12.76,1,1,102.61,,26.43,26.43,,137.8,137.8,0.8571,1,29.43,,21,21,,,,,,,-1.74455367,0.981132075,-1.711637563,0.130115514,t,0,1,0,0,1,0
Lemogne 2006,2,2,1,1,1,21,21,38.14,38.48,0.619,12.76,1,1,102.61,,26.43,26.43,,137.8,137.8,0.8571,1,29.43,,21,21,,,,,,,-0.569379361,0.981132075,-0.558636355,0.098953269,t,0,0,0,1,1,0
Barnhofer 2007,3,1,1,1,0,16,19,34.44,29.74,0.625,,1,,,,20.75,20.75,,,164.28,,0,,,2.63,2.63,,,,,,,0.186215351,0.977099237,0.181950877,0.115604524,Mean,1,,,,1,0
Barnhofer 2007,3,2,1,1,0,16,19,34.44,29.74,0.625,,1,,,,20.75,20.75,,,164.28,,0,,,2.63,2.63,,,,,,,-0.139837216,0.977099237,-0.136634837,0.11539828,Mean,1,,,,1,0
Warren 2007,4,1,1,1,1,12,12,43.75,37.75,0.583,,1,0,,,,,,,,0.75,1,,,,,8.83,,,,,,-1.158106503,0.965517241,-1.118171796,0.192714753,p-value,1,,,,1,0
Warren 2007,4,2,1,1,1,12,12,43.75,37.75,0.583,,1,0,,,,,,,,0.75,1,,,,,8.83,,,,,,1.065922406,0.965517241,-1.029166461,0.188732992,p-value,1,,,,0,1
Warren 2007,4,3,1,1,1,12,12,43.75,37.75,0.583,,1,0,,,,,,,,0.75,1,,,,,8.83,,,,,,-1.524509565,0.965517241,-1.47194027,0.211804337,Mean,0,0,1,0,1,0
Bergouignan 2008,5,1,1,1,0,20,20,40.8,40.5,0.85,,1,,107.8,,27.45,27.45,,165.6,165.6,0.65,1,3.28,,2.47,2.47,,,,,,,-0.005186452,0.98013245,-0.00508341,0.100000323,p-value,0,,,,1,0
Young 2012,6,1,1,1,1,12,14,34,29,0.33,,,,120,,,,,,,0,,,21,,30.37313433,,,,,,,-1.318540776,0.968421053,-1.276902646,0.186117296,Mean,1,,,,1,0
Young 2012,6,2,1,1,1,12,14,34,29,0.33,,,,120,,,,,,,0,,,21,,30.37313433,,,,,,,2.129119901,0.968421053,2.061884535,0.236518979,Mean,1,,,,0,1
Dristchel 2011: UK,7,1,1,1,1,15,15,43.13,44.4,0.667,8,1,1,,,,,,,,,1,,,31.07,31.07,,,,,,,-2.141761768,0.972972973,-2.083876315,0.205709008,Mean,1,1,0,0,1,0
Dristchel 2011: UK,7,2,1,1,1,15,15,43.13,44.4,0.667,8,1,1,,,,,,,,,1,,,31.07,31.07,,,,,,,-2.141761768,0.972972973,2.131033957,0.209021762,Mean,1,1,0,0,0,1
Dristchel 2011: UK,7,3,1,1,1,15,15,43.13,44.4,0.667,8,1,1,,,,,,,,,1,,,31.07,31.07,,,,,,,-2.141761768,0.972972973,-1.816805152,0.188346349,Mean,1,0,0,1,1,0
Dristchel 2011: UK,7,4,1,1,1,15,15,43.13,44.4,0.667,8,1,1,,,,,,,,,1,,,31.07,31.07,,,,,,,-2.141761768,0.972972973,1.391205145,0.165590863,Mean,1,0,0,1,0,1
Dritschel 2011: Taiwan,8,1,1,1,1,15,15,37.6,36.6,0.667,7.8,1,0,,,,,,,,,1,,,27.4,27.4,,,,,,,-1.026626401,0.972972973,-0.998879741,0.149962679,Mean,1,1,0,0,1,0
Dritschel 2011: Taiwan,8,2,1,1,1,15,15,37.6,36.6,0.667,7.8,1,0,,,,,,,,,1,,,27.4,27.4,,,,,,,1.564314234,0.972972973,1.522035471,0.1719432,Mean,1,1,0,0,0,1
Dritschel 2011: Taiwan,8,3,1,1,1,15,15,37.6,36.6,0.667,7.8,1,0,,,,,,,,,1,,,27.4,27.4,,,,,,,-0.446364262,0.972972973,-0.434300363,0.13962056,Mean,1,0,0,1,1,0
Dritschel 2011: Taiwan,8,4,1,1,1,15,15,37.6,36.6,0.667,7.8,1,0,,,,,,,,,1,,,27.4,27.4,,,,,,,0.812172277,0.972972973,0.790221675,0.143740838,Mean,1,0,0,1,0,1
Goddard 1996,9,1,1,1,1,16,16,46.6,41.9,0.75,,,,,,,,,,,,1,,,31,31,,,,,,,-1.34218873,0.974789916,-1.30835204,0.151746642,Mean,1,1,0,0,1,0
Goddard 1996,9,2,1,1,1,16,16,46.6,41.9,0.75,,,,,,,,,,,,1,,,31,31,,,,,,,-0.657295775,0.974789916,-0.640725293,0.131414514,Mean,1,0,0,1,1,0
Goddard 1996,9,3,1,1,1,16,16,46.6,41.9,0.75,,,,,,,,,,,,1,,,31,31,,,,,,,1.204846371,0.974789916,1.174472093,0.146552886,Mean,1,,,,0,1
Mackinger 2000,10,1,1,1,0,21,20,47.9,46,1,,1,,99.2,,,,,,,0.381,1,,4.8,6.3,6.3,,,,,,,-0.720162517,0.980645161,-0.706223887,0.103701391,Mean,1,1,0,0,1,0
Mackinger 2000,10,2,1,1,0,21,20,47.9,46,1,,1,,99.2,,,,,,,0.381,1,,4.8,6.3,6.3,,,,,,,0.531248753,0.980645161,0.520966519,0.100928878,Mean,1,1,0,0,0,1
Mackinger 2000,10,3,1,1,0,21,20,47.9,46,1,,1,,99.2,,,,,,,0.381,1,,4.8,6.3,6.3,,,,,,,-1.384615385,0.980645161,-1.357816377,0.120102771,Mean,1,0,0,1,1,0
Mackinger 2000,10,4,1,1,0,21,20,47.9,46,1,,1,,99.2,,,,,,,0.381,1,,4.8,6.3,6.3,,,,,,,1.150438477,0.980645161,1.128171926,0.113140656,Mean,1,0,0,1,0,1
Barnhofer 2002,11,1,1,1,1,15,15,33.3,36.6,0.8,,1,,,,,,,,,,1,,,25.6,25.6,,,,,,,-0.719393627,0.972972973,-0.699950556,0.141498846,Mean,1,,,,1,0
Barnhofer 2002,11,2,1,1,1,15,15,33.3,36.6,0.8,,1,,,,,,,,,,1,,,25.6,25.6,,,,,,,1.297260213,0.972972973,1.262199126,0.159885777,Mean,1,,,,0,1
Ricarte 2011,14,1,1,1,1,34,34,74.59,75.09,0.852,,1,,,,,,,,,1,1,,,,,,,,,,,-3.379710629,0.988593156,-3.341158797,0.140906927,Mean,1,1,0,0,1,0
Ricarte 2011,14,2,1,1,1,34,34,74.59,75.09,0.852,,1,,,,,,,,,1,1,,,,,,,,,,,-2.075042084,0.988593156,-2.051372402,0.089765652,Mean,1,1,0,0,0,1
Ricarte 2011,14,3,1,1,1,34,34,74.59,75.09,0.852,,1,,,,,,,,,1,1,,,,,,,,,,,-4.301562681,0.988593156,-4.252495426,0.191792039,Mean,1,0,0,1,1,0
Ricarte 2011,14,4,1,1,1,34,34,74.59,75.09,0.852,,1,,,,,,,,,1,1,,,,,,,,,,,2.414286561,0.988593156,2.386747171,0.100710015,Mean,1,0,0,1,0,1
Andersson 2013,15,1,1,1,1,20,20,39.7,38.85,0.75,14.7,1,1,,,,,,,,,1,22.7,,,25.80895522,,,,,,,-0.789396812,0.98013245,-0.773713432,0.107482906,Mean,1,1,0,0,1,0
Andersson 2013,15,2,1,1,1,20,20,39.7,38.85,0.75,14.7,1,1,,,,,,,,,1,22.7,,,25.80895522,,,,,,,-0.780334054,0.98013245,-0.764830729,0.107312076,Mean,1,0,0,1,1,0
Belcher 2014,16,1,1,1,1,30,30,38,31,0.7,,0,1,,,,,,,,,0,,,29.43,29.43,,,,,,,-0.977431277,0.987012987,-0.964737364,0.074422652,Mean,1,,,,1,0
Haddad 2014,17,1,1,1,0,24,24,26.46,24.58,1,,1,,,0.5,,,,,,0,0,,,4.38,4.38,,,,,,,0,0.983606557,0,0.083333333,Mean,1,1,0,0,1,0
Haddad 2014,17,2,1,1,0,24,24,26.46,24.58,1,,1,,,0.5,,,,,,0,0,,,4.38,4.38,,,,,,,0,0.983606557,0,0.083333333,Mean,1,0,0,1,1,0
Soderlund 2014,18,1,1,1,1,21,18,48.5,43.3,0.667,15.5,1,1,,,,38.5,,120,120,,1,,,33.8,33.8,,,,,,,-1.144690989,0.979591837,1.121329948,0.096431051,F ,0,,,,1,0
Haque 2014,19,1,1,1,1,13,13,36,36.53,0.538,13.46,1,1,,,,,,,,,1,,,,,,,,,,,-2.527800696,0.968421053,-2.447975411,0.269088146,Mean,1,,,,1,0
Hach 2014,20,1,1,0.882352941,0.529411765,17,16,23.53,20.63,0.882,14.76,1,1,105,,,,,,,0.471,,,,18.18,18.18,,,,,,,-1.22156506,0.975609756,-1.19177079,0.142843493,Mean,0,,,,1,0
Biedermann 2017,21,1,1,1,1,27,31,45.7,46.4,0.704,14.22,1,1,,,,,,,,0.407,1,,26.3,36.4,36.4,,,,,,,-0.859468314,0.986547085,-0.84790596,0.075492899,F ,0,,,,1,0
Young 2016a: Current MDD,22,1,1,1,1,45,60,33.5,30.3,0.444,,1,,109,,,,,,,0,0,,18.9,,27.23880597,,,,,,,-1.494313493,0.99270073,-1.483406095,0.04936743,Mean,1,,,,1,0
Young 2016a: Current MDD,22,2,1,1,1,45,60,33.5,30.3,0.444,,1,,109,,,,,,,0,0,,18.9,,27.23880597,,,,,,,1.854285453,0.99270073,1.840750523,0.055023948,Mean,1,,,,0,1
Young 2016a: Remitted MDD,23,1,1,1,0,25,60,30.9,30.3,0.64,,1,,108,,,,,,,0,0,,3.88,,4.820895522,,,,,,,-1.639927694,0.990936556,-1.625064301,0.072200984,Mean,1,,,,1,0
Young 2016a: Remitted MDD,23,2,1,1,0,25,60,30.9,30.3,0.64,,1,,108,,,,,,,0,0,,3.88,,4.820895522,,,,,,,2.102400353,0.990936556,2.083345365,0.082198007,Mean,1,,,,0,1
Young 2016b,24,1,1,1,1,35,25,37.3,35.1,0.629,,1,,,,,,,,,0,1,,19.3,,27.8358209,,,,,,,-1.836452553,0.987012987,-1.81260252,0.095950828,Mean,1,,,,1,0
Kaney 1999,25,1,1,1,1,20,20,34.9,36.65,0.25,,1,,105.2,,,,,,,0.5,1,,,27.55,27.55,,,,,,,-0.497169194,0.98013245,-0.48729166,0.102968165,Mean,1,1,0,0,1,0
Kaney 1999,25,2,1,1,1,20,20,34.9,36.65,0.25,,1,,105.2,,,,,,,0.5,1,,,27.55,27.55,,,,,,,0.374552195,0.98013245,0.367110761,0.101684629,Mean,1,1,0,0,0,1
Kaney 1999,25,3,1,1,1,20,20,34.9,36.65,0.25,,1,,105.2,,,,,,,0.5,1,,,27.55,27.55,,,,,,,0.317370373,0.98013245,0.311065001,0.101209518,Mean,1,0,0,1,1,0
Kaney 1999,25,4,1,1,1,20,20,34.9,36.65,0.25,,1,,105.2,,,,,,,0.5,1,,,27.55,27.55,,,,,,,-0.368532727,0.98013245,-0.361210885,0.101630916,Mean,1,0,0,1,0,1
Gallassi 2006,26,1,1,1,1,48,15,67.54,69.33,0.75,7.15,1,1,,0.75,54.79,54.79,,,153,0,1,,25.5,,37.08955224,,,,,,,-1.986072569,0.987654321,-1.961553155,0.118037228,Mean,0,,,,1,0
Heidenreich 2007,27,1,1,1,1,18,18,39.9,32.3,0.556,,0,1,,,,,,,,,1,,,24.94,24.94,,,,,,,0.047979385,0.977777778,0.046913177,0.111141678,Mean,1,,,,1,0
Heidenreich 2007,27,2,1,1,1,18,18,39.9,32.3,0.556,,0,1,,,,,,,,,1,,,24.94,24.94,,,,,,,-0.153795605,0.977777778,-0.150377925,0.111425188,Mean,1,,,,0,1
Rottenberg 2006: Current MDD,28,1,1,1,1,26,29,36.7,32.1,0.769,14.4,1,1,,,,,,,,,,,,25,25,,,,,,,-3.618747869,0.985781991,-3.567296477,0.188631608,Mean,0,1,0,0,1,0
Rottenberg 2006: Current MDD,28,2,1,1,1,26,29,36.7,32.1,0.769,14.4,1,1,,,,,,,,,,,,25,25,,,,,,,0.628571429,0.985781991,0.619634394,0.076434722,Mean,0,0,0,1,1,0
Rottenberg 2006: Remitted MDD,29,1,1,1,0,19,29,34.99,32.1,0.736,14,1,1,,,,,,,,,,,,5.6,5.6,,,,,,,-1.055008188,0.985781991,-1.040008072,0.082777177,Mean,0,1,0,0,1,0
Rottenberg 2006: Remitted MDD,29,2,1,1,0,19,29,34.99,32.1,0.736,14,1,1,,,,,,,,,,,,5.6,5.6,,,,,,,-0.480993028,0.985781991,-0.474154264,0.074988136,Mean,0,0,0,1,1,0
Romero 2014,30,1,1,,1,65,74,21.58,21.65,0.862,,1,1,,,,,,,,,0,,,17.08,17.08,,,,,,,-0.830352475,0.994515539,-0.825798439,0.031351161,Mean,0,1,0,0,1,0
Romero 2014,30,2,1,,1,65,74,21.58,21.65,0.862,,1,1,,,,,,,,,0,,,17.08,17.08,,,,,,,0.474514861,0.994515539,0.471912403,0.029699213,Mean,0,1,0,0,0,1
Romero 2014,30,3,1,,1,65,74,21.58,21.65,0.862,,1,1,,,,,,,,,0,,,17.08,17.08,,,,,,,0.153877541,0.994515539,0.153033606,0.028982371,Mean,0,0,0,1,1,0
Romero 2014,30,4,1,,1,65,74,21.58,21.65,0.862,,1,1,,,,,,,,,0,,,17.08,17.08,,,,,,,0.190050432,0.994515539,0.189008108,0.029026633,Mean,0,0,0,1,0,1
Wessel 2001: Remitted MDD with Anxiety,31,1,1,1,0,20,24,37.5,35.1,0.65,,1,1,,,,,,,,0.35,1,,,,,,,,50.9,,,-0.513854288,0.982035928,-0.504623372,0.094560357,Mean,1,1,0,0,1,0
Wessel 2001: Remitted MDD with Anxiety,31,2,1,1,0,20,24,37.5,35.1,0.65,,1,1,,,,,,,,0.35,1,,,,,,,,50.9,,,-0.215465978,0.982035928,-0.211595332,0.093461997,Mean,1,0,0,1,1,0
Wessel 2001: Current MDD with Anxiety,32,1,1,1,1,25,24,38.6,35.1,0.48,,1,1,,,,,,,,0.64,1,,,,,,,,59.88,,,-1.215779676,0.983957219,-1.196275189,0.096269466,Mean,1,1,0,0,1,0
Wessel 2001: Current MDD with Anxiety,32,2,1,1,1,25,24,38.6,35.1,0.48,,1,1,,,,,,,,0.64,1,,,,,,,,59.88,,,-0.662387777,0.983957219,-0.651761235,0.086001286,Mean,1,0,0,1,1,0
Wessel 2001: Current MDD,33,1,1,1,1,17,24,40.9,35.1,0.647,,1,1,,,,,,,,0.647,1,,,,,,,,58.94,,,-1.306409359,0.980645161,-1.281124016,0.120505791,Mean,1,1,0,0,1,0
Wessel 2001: Current MDD,33,2,1,1,1,17,24,40.9,35.1,0.647,,1,1,,,,,,,,0.647,1,,,,,,,,58.94,,,-0.914591107,0.980645161,-0.896889344,0.11030008,Mean,1,0,0,1,1,0
Rosenbach 2015,34,1,1,1,1,27,30,41.6,33,0.667,,1,,,,,,,,,,1,,,,,,,,,,,-0.163330229,0.98630137,-0.161092829,0.07059801,Mean,1,1,0,0,1,0
Rosenbach 2015,34,2,1,1,1,27,30,41.6,33,0.667,,1,,,,,,,,,,1,,,,,,,,,,,-0.03820459,0.98630137,-0.037681239,0.070382825,Mean,1,0,0,1,1,0
Lee 2016,35,1,1,,1,21,20,43.43,32.8,0.429,,0,,,,,,,,,,,,,,,,29.86,,,,,-0.609947958,0.980645161,-0.598142514,0.101982151,Mean,1,1,0,0,1,0
Lee 2016,35,2,1,,1,21,20,43.43,32.8,0.429,,0,,,,,,,,,,,,,,,,29.86,,,,,-1.045432953,0.980645161,-1.025198767,0.110436517,Mean,1,0,0,1,1,0
Vorontsova 2013,36,1,1,1,1,30,30,42.5,40.4,0.533,,1,0,,,,,,,,,1,,,30,30,,,,,,,-0.107380669,0.987012987,-0.105986115,0.066760275,Mean,1,,,,1,0
Sumner 2014,37,1,1,1,0.037,164,275,22.5,22.4,0.74,,1,1,,,,,,,,,0,,,,,,,,,,,0.113478545,0.99828277,0.113283676,0.009748541,Mean,1,,,,1,0
Ridout 2016,38,1,1,1,1,25,25,42.7,41,0.6,12.6,1,1,106,,,,,,,0.84,1,,,28.9,28.9,12.6,,,,,,-0.908445381,0.984293194,-0.894176606,0.087995518,Mean,1,1,0,0,1,0
Ridout 2016,38,2,1,1,1,25,25,42.7,41,0.6,12.6,1,1,106,,,,,,,0.84,1,,,28.9,28.9,12.6,,,,,,0.676660649,0.984293194,0.666032472,0.084435993,Mean,1,1,0,0,0,1
Ridout 2016,38,3,1,1,1,25,25,42.7,41,0.6,12.6,1,1,106,,,,,,,0.84,1,,,28.9,28.9,12.6,,,,,,-0.929340341,0.984293194,-0.914743372,0.088367554,Mean,1,0,0,1,1,0
Ridout 2016,38,4,1,1,1,25,25,42.7,41,0.6,12.6,1,1,106,,,,,,,0.84,1,,,28.9,28.9,12.6,,,,,,0.780236484,0.984293194,0.767981461,0.085897955,Mean,1,0,0,1,0,1
Ridout 2016,38,5,1,1,1,25,25,42.7,41,0.6,12.6,1,1,106,,,,,,,0.84,1,,,28.9,28.9,12.6,,,,,,-1.602772622,0.984293194,-1.577598183,0.10488816,Mean,1,1,0,0,1,0
Ridout 2016,38,6,1,1,1,25,25,42.7,41,0.6,12.6,1,1,106,,,,,,,0.84,1,,,28.9,28.9,12.6,,,,,,1.639783183,0.984293194,1.614027427,0.106050845,Mean,1,1,0,0,0,1
Ridout 2016,38,7,1,1,1,25,25,42.7,41,0.6,12.6,1,1,106,,,,,,,0.84,1,,,28.9,28.9,12.6,,,,,,-1.325178313,0.984293194,-1.304363994,0.097013654,Mean,1,0,0,1,1,0
Ridout 2016,38,8,1,1,1,25,25,42.7,41,0.6,12.6,1,1,106,,,,,,,0.84,1,,,28.9,28.9,12.6,,,,,,1.49061352,0.984293194,1.467200742,0.10152678,Mean,1,0,0,1,0,1
Young 2016c,39,1,1,1,1,16,16,37.1,37.8,0.875,,1,,114,,,,,,,0,0,,19.8,,28.58208955,,,,,,,-1.768115436,0.974789916,-1.723541097,0.17141553,Mean,1,,,,1,0
Young 2016c,39,2,1,1,1,16,16,37.1,37.8,0.875,,1,,114,,,,,,,0,0,,19.8,,28.58208955,,,,,,,1.820777202,0.974789916,1.774875256,0.174221596,Mean,1,,,,0,1
Kuffel 2014,40,1,1,1,1,20,20,30.8,30.8,0.7,11.25,1,1,,,,,,,,,1,,,25.2,25.2,,,,,,,-0.220863052,0.98013245,-0.216475044,0.100585768,Mean,1,,,,1,0
Yao 2010,41,1,1,1,1,60,60,29.7,31.43,0.6,12.23,1,1,,,,,,,,,1,,24.63,32.7,32.7,,,,,,,-0.733539657,0.993630573,-0.72886743,0.035546866,Mean,1,0,0,1,1,0
Yao 2010,41,2,1,1,1,60,60,29.7,31.43,0.6,12.23,1,1,,,,,,,,,1,,24.63,32.7,32.7,,,,,,,-0.808813325,0.993630573,-0.803661647,0.036024467,Mean,1,1,0,0,1,0
Fleischer 2015,42,1,1,1,1,24,67,35.8,30.2,1,11.9,1,1,,,,,,,,0,0,,,,,,,,,,,-0.06508406,0.991549296,-0.064534054,0.056614922,Mean,1,,,,1,0
Semkovska 2012,43,1,1,1,1,30,19,46.2,43.6,0.53,14.93,1,0,112.6,,,,,,,,1,,29.5,,43.05970149,,,,,,,-0.731820609,0.983957219,-0.720080171,0.091255886,F ,0,,,,1,0
Schlosser 2010,44,1,1,1,1,16,16,34.88,33.31,0.5,10.75,1,0,,,,,,,,1,1,,,23.4,23.4,,,,,,,-1.23574144,0.974789916,-1.204588295,0.14767239,Mean,1,1,0,0,1,0
Schlosser 2010,44,2,1,1,1,16,16,34.88,33.31,0.5,10.75,1,0,,,,,,,,1,1,,,23.4,23.4,,,,,,,-0.360956735,0.974789916,-0.351856985,0.126934427,Mean,1,0,0,1,1,0
Schlosser 2010,44,3,1,1,1,16,16,34.88,33.31,0.5,10.75,1,0,,,,,,,,1,1,,,23.4,23.4,,,,,,,-0.656668467,0.974789916,-0.6401138,0.131402276,Mean,1,0,1,0,1,0
Birch 2007,45,1,1,1,1,17,17,71.5,73.9,0.765,10.4,1,1,96.3,,,,,,,0.88,1,,,,,,,22.1,,,,-0.860089587,0.976377953,-0.839772511,0.12801791,Mean,1,,,,1,0
Birch 2007,45,2,1,1,1,17,17,71.5,73.9,0.765,10.4,1,1,96.3,,,,,,,0.88,1,,,,,,,22.1,,,,0.493196962,0.976377953,0.48154664,0.121057164,Mean,1,,,,0,1
Sumner 2013,46,1,1,0,1,28,27,,,,,1,1,,,,,,,,,0,,,,,,,,,13.98,,0.374180173,0.985781991,0.368860075,0.073988211,Mean,0,,,,1,0
Sumner 2013,46,2,1,0,1,28,27,,,,,1,1,,,,,,,,,0,,,,,,,,,13.98,,0.161386642,0.985781991,0.159092045,0.072981416,Mean,1,,,,1,0
Sumner 2013,46,3,1,0,1,28,27,,,,,1,1,,,,,,,,,0,,,,,,,,,13.98,,0.423805751,0.985781991,0.417780077,0.074338052,Mean,1,,,,1,0
Anderson 2015,47,1,1,0,1,31,28,22.48,21.61,0.71,,1,1,,,,,,,,,0,,,,,,23.32,,,,,0,0.986784141,0,0.06797235,Mean,0,,,,1,0
Ramponi 2004,48,1,1,0,1,16,16,34.63,29.38,0.625,,1,,113.42,,,,,,,,0,,,14.63,14.63,,,,,,,-0.971976272,0.974789916,-0.947472668,0.139026632,Mean,1,1,0,0,1,0
Ramponi 2004,48,2,1,0,1,16,16,34.63,29.38,0.625,,1,,113.42,,,,,,,,0,,,14.63,14.63,,,,,,,-0.726115674,0.974789916,-0.707810237,0.132828052,Mean,1,0,0,1,1,0
Ramponi 2004,48,3,1,0,1,16,16,34.63,29.38,0.625,,1,,113.42,,,,,,,,0,,,14.63,14.63,,,,,,,-0.602239984,0.974789916,-0.587057464,0.130384945,Mean,1,0,1,0,1,0
Ramponi 2004,48,4,1,0,1,16,16,34.63,29.38,0.625,,1,,113.42,,,,,,,,0,,,14.63,14.63,,,,,,,0.419207288,0.974789916,0.408639037,0.127609154,Mean,1,,,,0,1
Haringsma 2010,49,1,1,1,0,63,60,64.92,64.47,0.762,,1,1,,0.857,,,,,,0.22,0,,,,,,15.07,,,,,0.212365822,0.99378882,0.21104678,0.032720742,Mean,1,1,0,0,1,0
Haringsma 2010,49,2,1,1,0,63,60,64.92,64.47,0.762,,1,1,,0.857,,,,,,0.22,0,,,,,,15.07,,,,,-0.029802467,0.99378882,-0.029617359,0.032543248,Mean,1,0,0,1,1,0
Anderson 2016: Experiment 1,50,1,1,0,1,30,31,20.87,20.29,0.867,,1,1,,,,,,,,,0,,,,,,25.2,,,,,-0.776270526,0.987234043,-0.766360689,0.070405404,Mean,0,0,1,0,1,0
Anderson 2016: Experiment 1,50,2,1,0,1,30,31,20.87,20.29,0.867,,1,1,,,,,,,,,0,,,,,,25.2,,,,,0.526822788,0.987234043,0.520097391,0.067808622,Mean,0,0,1,0,0,1
Anderson 2016: Experiment 2,51,1,1,0,1,27,26,20.7,20.12,0.704,,1,1,,,,,,,,,0,,,,,,26.56,,,,,-0.318460128,0.985221675,-0.313753821,0.076427269,Mean,0,1,0,0,1,0
Anderson 2016: Experiment 2,51,2,1,0,1,27,26,20.7,20.12,0.704,,1,1,,,,,,,,,0,,,,,,26.56,,,,,0.311635755,0.985221675,0.3070303,0.076387893,Mean,0,1,0,0,0,1
Anderson 2016: Experiment 2,51,3,1,0,1,27,26,20.7,20.12,0.704,,1,1,,,,,,,,,0,,,,,,26.56,,,,,-0.57608819,0.985221675,-0.567574572,0.078537641,Mean,0,0,0,1,1,0
Anderson 2016: Experiment 2,51,4,1,0,1,27,26,20.7,20.12,0.704,,1,1,,,,,,,,,0,,,,,,26.56,,,,,-0.207983166,0.985221675,-0.204909523,0.075894688,Mean,0,0,0,1,0,1
Goddard 2001: Primed,52,1,1,,1,15,15,,,,,,,,,,,,,,,1,,,,,,,,,,,-2.045082993,0.972972973,-1.98981048,0.199322429,Mean,1,1,0,0,1,0
Goddard 2001: Primed,52,2,1,,1,15,15,,,,,,,,,,,,,,,1,,,,,,,,,,,-2.045082993,0.972972973,-1.163391601,0.155891334,Mean,1,0,0,1,1,0
Goddard 2001: non-primed,53,1,1,,1,15,15,,,,,,,,,,,,,,,1,,,,,,,,,,,-1.415348983,0.972972973,-1.377096308,0.164939904,Mean,1,1,0,0,1,0
Goddard 2001: non-primed,53,2,1,,1,15,15,,,,,,,,,,,,,,,1,,,,,,,,,,,-1.134700713,0.972972973,-1.104033126,0.153648152,Mean,1,0,0,1,1,0
Gupta 2012: Current MDD,54,2,1,1,1,10,10,40,43.6,0.5,16.5,1,1,,,37.5,37.5,,,30,,1,,22.8,,33.05970149,,,,,,,0.555962485,0.957746479,0.532471112,0.207088137,Mean,1,0,0,1,1,0
Gupta 2012: Current MDD,54,3,1,1,1,10,10,40,43.6,0.5,16.5,1,1,,,37.5,37.5,,,30,,1,,22.8,,33.05970149,,,,,,,-1.488534156,0.957746479,-1.425638347,0.250811117,Mean,1,0,1,0,1,0
Gupta 2012: Remitted MDD,55,2,1,1,0,10,10,43,43.6,0.5,15.7,1,1,,,37.9,37.9,,,60.6,,1,,6,,7.985074627,,,,,,,-0.600266151,0.957746479,-0.574902793,0.208262831,Mean,1,0,0,1,1,0
Gupta 2012: Remitted MDD,55,3,1,1,0,10,10,43,43.6,0.5,15.7,1,1,,,37.9,37.9,,,60.6,,1,,6,,7.985074627,,,,,,,-0.054413524,0.957746479,-0.052114361,0.200067898,Mean,1,0,1,0,1,0
Rekart 2006,56,1,0,0,1,67,56,,,0.627,,,,,,,,,,,,0,,,,,,,,,,3.3,0.180886253,0.99378882,0.179762736,0.032913876,Mean,1,1,0,0,1,0
Rekart 2006,56,2,0,0,1,67,56,,,0.627,,,,,,,,,,,,0,,,,,,,,,,3.3,-0.119736868,0.99378882,-0.118993161,0.032840074,Mean,1,1,0,0,0,1
Rekart 2006,56,3,0,0,1,67,56,,,0.627,,,,,,,,,,,,0,,,,,,,,,,3.3,-0.352046214,0.99378882,-0.349859592,0.033280084,Mean,1,0,0,1,1,0
Rekart 2006,56,4,0,0,1,67,56,,,0.627,,,,,,,,,,,,0,,,,,,,,,,3.3,0.768339861,0.99378882,0.763567563,0.035152579,Mean,1,0,0,1,0,1
Dickson 2006,57,1,1,0,1,17,17,,,,,,,,,,,,,,,0,,,20.05,20.05,,,,,,,-1.616339398,0.976377953,-1.578158152,0.154273282,Mean,1,1,0,0,1,0
Dickson 2006,57,2,1,0,1,17,17,,,,,,,,,,,,,,,0,,,20.05,20.05,,,,,,,-0.172013407,0.976377953,-0.167950098,0.118061871,Mean,1,0,0,1,1,0
Dickson 2006,57,3,1,0,1,17,17,,,,,,,,,,,,,,,0,,,20.05,20.05,,,,,,,-1.122071376,0.976377953,-1.095565753,0.135298005,Mean,1,0,0,1,1,0
McElhiney 1998,58,1,0,1,1,66,22,55.4,64.6,0.621,14.8,0,1,104.6,,,,,,,,1,,30.5,,44.55223881,,,,,,,-0.437624441,0.991253644,-0.433796822,0.061675263,Mean,0,,,,1,0
Renneberg 2005,59,1,1,1,1,27,30,39.1,28.4,1,10.6,0,1,,,,,,,,,1,,,24.4,24.4,,,,,,,-0.791798083,0.98630137,-0.780951534,0.075720241,Mean,1,1,0,0,1,0
Renneberg 2005,59,2,1,1,1,27,30,39.1,28.4,1,10.6,0,1,,,,,,,,,1,,,24.4,24.4,,,,,,,-0.585436786,0.98630137,-0.577417104,0.073295024,Mean,1,0,0,1,1,0
Renneberg 2005,59,3,1,1,1,27,30,39.1,28.4,1,10.6,0,1,,,,,,,,,1,,,24.4,24.4,,,,,,,-0.492826083,0.98630137,-0.486075041,0.072442905,Mean,1,0,1,0,1,0
Mitchell 2015,60,1,1,,0,10,24,,,,,,,,,,,,,,,0,,,,,,,,,,,-0.487556081,0.976377953,-0.476039008,0.144999213,Mean,0,,,,1,0
Mitchell 2015,60,2,1,,0,10,24,,,,,,,,,,,,,,,0,,,,,,,,,,,-0.357370845,0.976377953,-0.348929014,0.143457129,Mean,0,,,,0,1
Jermann 2013: Current MDD,61,1,1,1,1,20,20,46.1,45.9,0.75,12.6,1,1,,,,,,,,0.95,1,25.8,,34.7,34.7,,,,,,,0.805877287,0.98013245,0.78986648,0.107798613,Mean,1,,,,0,1
Jermann 2013: Current MDD,61,2,1,1,1,20,20,46.1,45.9,0.75,12.6,1,1,,,,,,,,0.95,1,25.8,,34.7,34.7,,,,,,,-0.665912092,0.98013245,-0.65268205,0.105324923,Mean,1,,,,1,0
Jermann 2013: Remitted MDD,62,1,1,1,0,36,20,46.8,45.9,0.694,15.4,1,1,,,,,,,,,1,4.6,,8.4,8.4,,,,,,,0.112806669,0.986046512,0.111232623,0.077888248,Mean,1,,,,0,1
Jermann 2013: Remitted MDD,62,2,1,1,0,36,20,46.8,45.9,0.694,15.4,1,1,,,,,,,,,1,4.6,,8.4,8.4,,,,,,,-0.110422175,0.986046512,-0.1088814,0.077883627,Mean,1,,,,1,0
Matsumoto 2020: Study 1,63,1,1,,1,25,25,20.96,21.4,0.4,,1,,,,,,,,,,0,,,19.06,19.06,,,,,,,-0.775065658,0.984293194,-0.762891852,0.08582004,Mean,1,1,0,0,1,0
Matsumoto 2020: Study 1,63,2,1,,1,25,25,20.96,21.4,0.4,,1,,,,,,,,,,0,,,19.06,19.06,,,,,,,0.375013591,0.984293194,0.369123325,0.08136252,Mean,1,1,0,0,0,1
Matsumoto 2020: Study 1,63,3,1,,1,25,25,20.96,21.4,0.4,,1,,,,,,,,,,0,,,19.06,19.06,,,,,,,-0.919201467,0.984293194,-0.904763748,0.088185974,Mean,1,0,0,1,1,0
Matsumoto 2020: Study 1,63,4,1,,1,25,25,20.96,21.4,0.4,,1,,,,,,,,,,0,,,19.06,19.06,,,,,,,1.149123895,0.984293194,1.131074828,0.092793303,Mean,1,0,0,1,0,1
Matsumoto 2020: Study 2 Remitted vs. HC,64,1,1,1,0,20,36,20.1,19.83,0.65,,1,,,0.5,,,,,,,0,,,14.35,14.35,,,,,,,-0.659467917,0.986046512,-0.65026604,0.081553188,Mean,1,1,0,0,1,0
Matsumoto 2020: Study 2 Remitted vs. HC,64,2,1,1,0,20,36,20.1,19.83,0.65,,1,,,0.5,,,,,,,0,,,14.35,14.35,,,,,,,0.260577104,0.986046512,0.256941144,0.078367231,Mean,1,1,0,0,0,1
Matsumoto 2020: Study 2 Remitted vs. HC,64,3,1,1,0,20,36,20.1,19.83,0.65,,1,,,0.5,,,,,,,0,,,14.35,14.35,,,,,,,-0.641269675,0.986046512,-0.632321726,0.081347695,Mean,1,0,0,1,1,0
Matsumoto 2020: Study 2 Remitted vs. HC,64,4,1,1,0,20,36,20.1,19.83,0.65,,1,,,0.5,,,,,,,0,,,14.35,14.35,,,,,,,0.686752765,0.986046512,0.677170168,0.081872058,Mean,1,0,0,1,0,1
"Sommerfeld 1998: Study 1, current MDD",65,1,0,1,1,27,36,,,,,,,,,,,,,,,0,,,18.19,18.19,,,,,,,0.242383623,0.987654321,0.239391233,0.065269642,Mean,1,1,0,0,1,0
"Sommerfeld 1998: Study 1, current MDD",65,2,0,1,1,27,36,,,,,,,,,,,,,,,0,,,18.19,18.19,,,,,,,-0.151443032,0.987654321,-0.149573365,0.064992372,Mean,1,0,0,1,1,0
"Sommerfeld 1998: Study 1, current MDD",65,3,0,1,1,27,36,,,,,,,,,,,,,,,0,,,18.19,18.19,,,,,,,-0.158616273,0.987654321,-0.156658048,0.065009591,Mean,1,0,1,0,1,0
"Sommerfeld 1998: Study 1, remitted MDD",66,1,0,1,0,27,36,,,,,,,,,,,,,,,0,,,4.89,4.89,,,,,,,-0.164636986,0.987654321,-0.162604431,0.065024658,Mean,1,1,0,0,1,0
"Sommerfeld 1998: Study 1, remitted MDD",66,2,0,1,0,27,36,,,,,,,,,,,,,,,0,,,4.89,4.89,,,,,,,-0.186367805,0.987654321,-0.184066968,0.065083709,Mean,1,0,0,1,1,0
"Sommerfeld 1998: Study 1, remitted MDD",66,3,0,1,0,27,36,,,,,,,,,,,,,,,0,,,4.89,4.89,,,,,,,-0.280536162,0.987654321,-0.277072752,0.065424095,Mean,1,0,1,0,1,0
Latorre 2013,67,1,1,,1,33,33,72.09,72.52,0.576,,1,1,,,,,,,,0,0,,,,,,21.97,,,,,0.347570668,0.988235294,0.343481601,0.061499846,Mean,1,,,,0,1
Latorre 2013,67,2,1,,1,33,33,72.09,72.52,0.576,,1,1,,,,,,,,0,0,,,,,,21.97,,,,,-0.47646289,0.988235294,-0.470857444,0.062285657,Mean,1,,,,1,0
Riggs 2005,68,1,1,1,1,24,24,38.75,38.38,1,,1,1,,,,,,,,0.79,1,,,28.46,28.46,,,,,,,-1.369369369,0.983606557,-1.346920691,0.102231202,Mean,1,,,,1,0
Kim 2018,69,1,1,1,1,26,54,41.19,37.15,0.65,,1,,,,,,,,,,0,,,28.35,28.35,,,,,,,1.205890225,0.990353698,1.194257843,0.065894131,Mean,1,1,0,0,1,0
Kim 2018,69,2,1,1,1,26,54,41.19,37.15,0.65,,1,,,,,,,,,,0,,,28.35,28.35,,,,,,,-1.175422861,0.990353698,-1.164084377,0.065449385,Mean,1,0,0,1,1,0
Rohrer 2006: Past Attempt Group,70,1,1,1,1,17,23,36.7,37.8,0.824,,1,,91.1,,,,,,,,1,,19.9,26.2,26.2,,,,,,,-1.346340275,0.98013245,-1.319591792,0.124068322,Mean,1,1,0,0,1,0
Rohrer 2006: Past Attempt Group,70,2,1,1,1,17,23,36.7,37.8,0.824,,1,,91.1,,,,,,,,1,,19.9,26.2,26.2,,,,,,,-1.357142857,0.98013245,-1.330179754,0.124419018,Mean,1,0,0,1,1,0
Rohrer 2006: No attempt group,71,1,1,1,1,23,23,42.4,37.8,0.783,,1,,92.2,,,,,,,,1,,26.1,31.7,31.7,,,,,,,-1.456714081,0.982857143,-1.43174184,0.109237877,Mean,1,1,0,0,1,0
Rohrer 2006: No attempt group,71,2,1,1,1,23,23,42.4,37.8,0.783,,1,,92.2,,,,,,,,1,,26.1,31.7,31.7,,,,,,,-1.516340137,0.982857143,-1.490345735,0.111099244,Mean,1,0,0,1,1,0
Stephens 2013: Neutral and positive cues,72,1,1,,1,15,15,,,1,,,,,,,,,,,,0,,,17.3,17.3,,,,,,,0,0.972972973,0,0.133333333,Mean,1,,,,1,0
Stephens 2013 Neutral and negative cues,73,1,1,,1,15,15,,,1,,,,,,,,,,,,0,,,17.9,17.9,,,,,,,0.294563908,0.972972973,0.286602721,0.134702352,Mean,1,,,,1,0
Falco 2015: Experiment 1,74,1,1,,1,13,27,,,,,,,,,,,,,,,0,,,,,,,,,,,-1.779294699,0.98013245,-1.743944474,0.151976893,Mean,1,,,,1,0
Falco 2015: Experiment 1,74,2,1,,1,13,27,,,,,,,,,,,,,,,0,,,,,,,,,,,-0.002498837,0.98013245,-0.002449192,0.113960189,Mean,1,,,,1,0
Falco 2015: Experiment 2,75,1,1,,1,15,25,,,,,,,,,,,,,,,0,,,,,,,,,,,0.031341994,0.98013245,0.030719306,0.106678463,Mean,1,,,,1,0
Falco 2015: Experiment 2,75,2,1,,1,15,25,,,,,,,,,,,,,,,0,,,,,,,,,,,0.097740652,0.98013245,0.095798785,0.106781384,Mean,1,,,,1,0
Falco 2015: Experiment 3,76,1,1,,1,20,80,,,,,,,,,,,,,,,0,,,16.7,16.7,,,,,,,-0.869394456,0.992327366,-0.86272391,0.066221463,Mean,1,,,,1,0
Sagfors 2017,77,1,0,1,1,34,35,34.29,31.66,0.5,,1,1,,,,17.29,,204,204,0.53,1,,,29,29,,,,,,,-0.76601772,0.988764045,-0.757410779,0.06214023,Mean,1,1,0,0,1,0
Sagfors 2017,77,2,0,1,1,34,35,34.29,31.66,0.5,,1,1,,,,17.29,,204,204,0.53,1,,,29,29,,,,,,,-0.46547636,0.988764045,-0.460246289,0.059518169,Mean,1,0,0,1,1,0
Akande 2004,78,1,0,1,1,15,15,48.33,34.4,0.6,,0,,,,,,,,,,1,,,28.73,28.73,,,,,,,-1.462877343,0.972972973,-1.423340118,0.167098285,Mean,1,,,,1,0
Burns 2014,79,1,0,,1,14,15,74.29,75.69,,11,1,1,,,,,,,,,1,,,,,10.71,,,,,,-3.071769429,0.971962617,-2.985645052,0.29178621,Mean,1,,,,1,0
McMahan 2001,80,1,0,,0.545,11,47,22.36,21.32,,,1,,,,,,,,,,0,,,17.18,17.18,,,,,,,-0.435297205,0.986547085,-0.429441189,0.113775512,Mean,1,1,0,0,1,0
McMahan 2001,80,2,0,,0.545,11,47,22.36,21.32,,,1,,,,,,,,,,0,,,17.18,17.18,,,,,,,-0.500535837,0.986547085,-0.493802171,0.114287761,Mean,1,0,0,1,1,0
Kao 2007: Study 1,81,1,0,,1,30,30,,,0.8,,,,,,,,,,,,0,,,,,,,,,,,-0.854943496,0.987012987,-0.843840334,0.072600554,Mean,1,,,,1,0
Kao 2007: Study 1,81,2,0,,1,30,30,,,0.8,,,,,,,,,,,,0,,,,,,,,,,,0.966782589,0.987012987,0.954226971,0.074254576,Mean,1,,,,0,1
Kao 2007: Study 2,82,1,0,1,1,30,30,39.47,39.33,,10.97,1,1,,,,,,,,,1,,,30.57,30.57,,,,,,,-4.245914281,0.987012987,-4.190772537,0.213021454,Mean,1,,,,1,0
Kao 2007: Study 2,82,2,0,1,1,30,30,39.47,39.33,,10.97,1,1,,,,,,,,,1,,,30.57,30.57,,,,,,,3.958706398,0.987012987,3.907294626,0.193891261,Mean,1,,,,0,1
Begovic 2020,83,1,0,1,1,21,31,21.29,21.94,0.905,14.76,1,1,,,,,,,,0.333,0,,,32.65,32.65,,,,,,,0.128456099,0.984924623,0.126519575,0.080031028,Mean,1,1,0,0,1,0
Begovic 2020,83,2,0,1,1,21,31,21.29,21.94,0.905,14.76,1,1,,,,,,,,0.333,0,,,32.65,32.65,,,,,,,0.529035723,0.984924623,0.52106031,0.082487726,Mean,1,0,0,1,1,0
Begovic 2020,83,3,0,1,1,21,31,21.29,21.94,0.905,14.76,1,1,,,,,,,,0.333,0,,,32.65,32.65,,,,,,,0.460890364,0.984924623,0.453942268,0.081858493,Mean,1,1,0,0,1,0
Begovic 2020,83,4,0,1,1,21,31,21.29,21.94,0.905,14.76,1,1,,,,,,,,0.333,0,,,32.65,32.65,,,,,,,0.578052447,0.984924623,0.569338088,0.082993899,Mean,1,0,0,1,1,0
Garcez Aurélio Dos Santos 2017,84,1,0,1,1,32,32,47.72,45.41,0.688,10.72,1,0,,,,,,,,,1,,12.56,20.41,20.41,,,,,,,-0.105244268,0.987854251,-0.103965998,0.062584445,Mean,0,,,,1,0
Kosnes 2010: Experiment 10,85,1,0,,1,22,19,25.78,24.45,0.727,,1,,,,,,,,,,0,,,13.78,13.78,,,,,,,-0.654550834,0.980645161,-0.641882108,0.103110669,Mean,1,1,0,0,1,0
Kosnes 2010: Experiment 10,85,2,0,,1,22,19,25.78,24.45,0.727,,1,,,,,,,,,,0,,,13.78,13.78,,,,,,,-0.470320526,0.980645161,-0.461217548,0.100680291,Mean,1,0,0,1,1,0
