ID,Title,Published,DiagStatus,DepStatus,nDep,nCon,ageDep,ageCon,sex,edu,matchAge,matchEdu,IQDep,episode,onsetAge,onsetAgeCalc,onset,duration,durationCalc,med,Recruitment,MADRS,HDRS,BDI,BDICalc,HADS,CESD,GDS.30,SDS,DID,MASQ,d,cp,g,vi,sdi,Va,sda,Stat.used,AMT,Positive,Neutral,Negative,Specific,Categoric
1,Goddard 1997,1,NA,1,16,16,23.6,24.9,0.3125,NA,1,1,NA,NA,NA,NA,NA,NA,NA,NA,0,NA,NA,22.9,22.9,NA,NA,NA,NA,NA,NA,-1.089151046,0.974789916,-1.061693456,0.142612391,0.377640558,0.125,0.353553391,F ,1,NA,NA,NA,1,0
2,Lemogne 2006,1,1,1,21,21,38.14,38.48,0.619,12.76,1,1,102.61,NA,26.43,26.43,NA,137.8,137.8,0.8571,1,29.43,NA,21,21,NA,NA,NA,NA,NA,NA,-1.74455367,0.981132075,-1.135136959,0.114534392,0.338429301,0.095238095,0.3086067,t,0,1,0,0,1,0
4,Barnhofer 2007,1,1,0,16,19,34.44,29.74,0.625,NA,1,NA,NA,NA,20.75,20.75,NA,NA,164.28,NA,0,NA,NA,2.63,2.63,NA,NA,NA,NA,NA,NA,0.186215351,0.977099237,0.02265802,0.115501402,0.339854972,0.114285714,0.338061702,Mean,1,NA,NA,NA,1,0
6,Warren 2007,1,1,1,12,12,43.75,37.75,0.583,NA,1,0,NA,NA,NA,NA,NA,NA,NA,0.75,1,NA,NA,NA,NA,8.83,NA,NA,NA,NA,NA,-1.158106503,0.965517241,-1.295056033,0.202259545,0.449732748,0.166666667,0.40824829,p-value,1,NA,NA,NA,1,0
9,Bergouignan 2008,1,1,0,20,20,40.8,40.5,0.85,NA,1,NA,107.8,NA,27.45,27.45,NA,165.6,165.6,0.65,1,3.28,NA,2.47,2.47,NA,NA,NA,NA,NA,NA,-0.005186452,0.98013245,-0.00508341,0.100000323,0.316228277,0.1,0.316227766,p-value,0,NA,NA,NA,1,0
10,Young 2012,1,1,1,12,14,34,29,0.33,NA,NA,NA,120,NA,NA,NA,NA,NA,NA,0,NA,NA,21,NA,30.37313433,NA,NA,NA,NA,NA,NA,-1.318540776,0.968421053,-1.276902646,0.186117296,0.431413138,0.153846154,0.39223227,Mean,1,NA,NA,NA,1,0
12,Dristchel 2011: UK,1,1,1,15,15,43.13,44.4,0.667,8,1,1,NA,NA,NA,NA,NA,NA,NA,NA,1,NA,NA,31.07,31.07,NA,NA,NA,NA,NA,NA,-2.141761768,0.972972973,-1.950340734,0.197027679,0.443878,0.133333333,0.365148372,Mean,1,1,0,0,1,0
16,Dritschel 2011: Taiwan,1,1,1,15,15,37.6,36.6,0.667,7.8,1,0,NA,NA,NA,NA,NA,NA,NA,NA,1,NA,NA,27.4,27.4,NA,NA,NA,NA,NA,NA,-1.026626401,0.972972973,-0.716590052,0.14479162,0.38051494,0.133333333,0.365148372,Mean,1,1,0,0,1,0
20,Goddard 1996,1,1,1,16,16,46.6,41.9,0.75,NA,NA,NA,NA,NA,NA,NA,NA,NA,NA,NA,1,NA,NA,31,31,NA,NA,NA,NA,NA,NA,-1.34218873,0.974789916,-0.974538667,0.141580578,0.376271947,0.125,0.353553391,Mean,1,1,0,0,1,0
23,Mackinger 2000,1,1,0,21,20,47.9,46,1,NA,1,NA,99.2,NA,NA,NA,NA,NA,NA,0.381,1,NA,4.8,6.3,6.3,NA,NA,NA,NA,NA,NA,-0.720162517,0.980645161,-1.032020132,0.111902081,0.334517684,0.097560976,0.312347524,Mean,1,1,0,0,1,0
27,Barnhofer 2002,1,1,1,15,15,33.3,36.6,0.8,NA,1,NA,NA,NA,NA,NA,NA,NA,NA,NA,1,NA,NA,25.6,25.6,NA,NA,NA,NA,NA,NA,-0.719393627,0.972972973,-0.699950556,0.141498846,0.376163324,0.133333333,0.365148372,Mean,1,NA,NA,NA,1,0
29,Ricarte 2011,1,1,1,34,34,74.59,75.09,0.852,NA,1,NA,NA,NA,NA,NA,NA,NA,NA,1,1,NA,NA,NA,NA,NA,NA,NA,NA,NA,NA,-3.379710629,0.988593156,-3.796827112,0.166349483,0.407859636,0.058823529,0.242535625,Mean,1,1,0,0,1,0
33,Andersson 2013,1,1,1,20,20,39.7,38.85,0.75,14.7,1,1,NA,NA,NA,NA,NA,NA,NA,NA,1,22.7,NA,NA,25.80895522,NA,NA,NA,NA,NA,NA,-0.789396812,0.98013245,-0.769272081,0.107397491,0.327715564,0.1,0.316227766,Mean,1,1,0,0,1,0
35,Belcher 2014,1,1,1,30,30,38,31,0.7,NA,0,1,NA,NA,NA,NA,NA,NA,NA,NA,0,NA,NA,29.43,29.43,NA,NA,NA,NA,NA,NA,-0.977431277,0.987012987,-0.964737364,0.074422652,0.272805154,0.066666667,0.25819889,Mean,1,NA,NA,NA,1,0
36,Haddad 2014,1,1,0,24,24,26.46,24.58,1,NA,1,NA,NA,0.5,NA,NA,NA,NA,NA,0,0,NA,NA,4.38,4.38,NA,NA,NA,NA,NA,NA,0,0.983606557,0,0.083333333,0.288675134,0.083333333,0.288675135,Mean,1,1,0,0,1,0
38,Soderlund 2014,1,1,1,21,18,48.5,43.3,0.667,15.5,1,1,NA,NA,NA,38.5,NA,120,120,NA,1,NA,NA,33.8,33.8,NA,NA,NA,NA,NA,NA,-1.144690989,0.979591837,1.121329948,0.096431051,0.310533494,0.102564103,0.320256308,F ,0,NA,NA,NA,1,0
39,Haque 2014,1,1,1,13,13,36,36.53,0.538,13.46,1,1,NA,NA,NA,NA,NA,NA,NA,NA,1,NA,NA,NA,NA,NA,NA,NA,NA,NA,NA,-2.527800696,0.968421053,-2.447975411,0.269088146,0.518737068,0.153846154,0.39223227,Mean,1,NA,NA,NA,1,0
40,Hach 2014,1,0.882352941,0.529411765,17,16,23.53,20.63,0.882,14.76,1,1,105,NA,NA,NA,NA,NA,NA,0.471,NA,NA,NA,18.18,18.18,NA,NA,NA,NA,NA,NA,-1.22156506,0.975609756,-1.19177079,0.142843493,0.377946416,0.121212121,0.348155312,Mean,0,NA,NA,NA,1,0
41,Biedermann 2017,1,1,1,27,31,45.7,46.4,0.704,14.22,1,1,NA,NA,NA,NA,NA,NA,NA,0.407,1,NA,26.3,36.4,36.4,NA,NA,NA,NA,NA,NA,-0.859468314,0.986547085,-0.84790596,0.075492899,0.274759711,0.068965517,0.262612866,F ,0,NA,NA,NA,1,0
42,Young 2016a: Current MDD,1,1,1,45,60,33.5,30.3,0.444,NA,1,NA,109,NA,NA,NA,NA,NA,NA,0,0,NA,18.9,NA,27.23880597,NA,NA,NA,NA,NA,NA,-1.494313493,0.99270073,-1.483406095,0.04936743,0.222187826,0.038095238,0.195180015,Mean,1,NA,NA,NA,1,0
44,Young 2016a: Remitted MDD,1,1,0,25,60,30.9,30.3,0.64,NA,1,NA,108,NA,NA,NA,NA,NA,NA,0,0,NA,3.88,NA,4.820895522,NA,NA,NA,NA,NA,NA,-1.639927694,0.990936556,-1.625064301,0.072200984,0.268702408,0.047058824,0.216930458,Mean,1,NA,NA,NA,1,0
46,Young 2016b,1,1,1,35,25,37.3,35.1,0.629,NA,1,NA,NA,NA,NA,NA,NA,NA,NA,0,1,NA,19.3,NA,27.8358209,NA,NA,NA,NA,NA,NA,-1.836452553,0.987012987,-1.81260252,0.095950828,0.309759307,0.066666667,0.25819889,Mean,1,NA,NA,NA,1,0
47,Kaney 1999,1,1,1,20,20,34.9,36.65,0.25,NA,1,NA,105.2,NA,NA,NA,NA,NA,NA,0.5,1,NA,NA,27.55,27.55,NA,NA,NA,NA,NA,NA,-0.497169194,0.98013245,-0.08811333,0.102088842,0.319513445,0.1,0.316227766,Mean,1,1,0,0,1,0
51,Gallassi 2006,1,1,1,48,15,67.54,69.33,0.75,7.15,1,1,NA,0.75,54.79,54.79,NA,NA,153,0,1,NA,25.5,NA,37.08955224,NA,NA,NA,NA,NA,NA,-1.986072569,0.987654321,-1.961553155,0.118037228,0.343565464,0.063492063,0.251976315,Mean,0,NA,NA,NA,1,0
52,Heidenreich 2007,1,1,1,18,18,39.9,32.3,0.556,NA,0,1,NA,NA,NA,NA,NA,NA,NA,NA,1,NA,NA,24.94,24.94,NA,NA,NA,NA,NA,NA,0.047979385,0.977777778,0.046913177,0.111141678,0.333379181,0.111111111,0.333333333,Mean,1,NA,NA,NA,1,0
54,Rottenberg 2006: Current MDD,1,1,1,26,29,36.7,32.1,0.769,14.4,1,1,NA,NA,NA,NA,NA,NA,NA,NA,NA,NA,NA,25,25,NA,NA,NA,NA,NA,NA,-3.618747869,0.985781991,-1.473831042,0.132533165,0.364051047,0.072727273,0.269679945,Mean,0,1,0,0,1,0
56,Rottenberg 2006: Remitted MDD,1,1,0,19,29,34.99,32.1,0.736,14,1,1,NA,NA,NA,NA,NA,NA,NA,NA,NA,NA,NA,5.6,5.6,NA,NA,NA,NA,NA,NA,-1.055008188,0.985781991,-0.757081168,0.078882657,0.280860564,0.083333333,0.288675135,Mean,0,1,0,0,1,0
58,Romero 2014,1,NA,1,65,74,21.58,21.65,0.862,NA,1,1,NA,NA,NA,NA,NA,NA,NA,NA,0,NA,NA,17.08,17.08,NA,NA,NA,NA,NA,NA,-0.830352475,0.994515539,-0.336382417,0.030166766,0.173685826,0.028776978,0.169637786,Mean,0,1,0,0,1,0
62,Wessel 2001: Remitted MDD with Anxiety,1,1,0,20,24,37.5,35.1,0.65,NA,1,1,NA,NA,NA,NA,NA,NA,NA,0.35,1,NA,NA,NA,NA,NA,NA,NA,50.9,NA,NA,-0.513854288,0.982035928,-0.358109352,0.094011177,0.306612421,0.090909091,0.301511345,Mean,1,1,0,0,1,0
64,Wessel 2001: Current MDD with Anxiety,1,1,1,25,24,38.6,35.1,0.48,NA,1,1,NA,NA,NA,NA,NA,NA,NA,0.64,1,NA,NA,NA,NA,NA,NA,NA,59.88,NA,NA,-1.215779676,0.983957219,-0.924018212,0.091135376,0.301886363,0.081632653,0.285714286,Mean,1,1,0,0,1,0
66,Wessel 2001: Current MDD,1,1,1,17,24,40.9,35.1,0.647,NA,1,1,NA,NA,NA,NA,NA,NA,NA,0.647,1,NA,NA,NA,NA,NA,NA,NA,58.94,NA,NA,-1.306409359,0.980645161,-1.08900668,0.115402936,0.339710076,0.097560976,0.312347524,Mean,1,1,0,0,1,0
68,Rosenbach 2015,1,1,1,27,30,41.6,33,0.667,NA,1,NA,NA,NA,NA,NA,NA,NA,NA,NA,1,NA,NA,NA,NA,NA,NA,NA,NA,NA,NA,-0.163330229,0.98630137,-0.099387034,0.070490418,0.265500315,0.070175439,0.264906471,Mean,1,1,0,0,1,0
70,Lee 2016,1,NA,1,21,20,43.43,32.8,0.429,NA,0,NA,NA,NA,NA,NA,NA,NA,NA,NA,NA,NA,NA,NA,NA,NA,29.86,NA,NA,NA,NA,-0.609947958,0.980645161,-0.811670641,0.106209334,0.325897735,0.097560976,0.312347524,Mean,1,1,0,0,1,0
72,Vorontsova 2013,1,1,1,30,30,42.5,40.4,0.533,NA,1,0,NA,NA,NA,NA,NA,NA,NA,NA,1,NA,NA,30,30,NA,NA,NA,NA,NA,NA,-0.107380669,0.987012987,-0.105986115,0.066760275,0.258380098,0.066666667,0.25819889,Mean,1,NA,NA,NA,1,0
73,Sumner 2014,1,1,0.037,164,275,22.5,22.4,0.74,NA,1,1,NA,NA,NA,NA,NA,NA,NA,NA,0,NA,NA,NA,NA,NA,NA,NA,NA,NA,NA,0.113478545,0.99828277,0.113283676,0.009748541,0.0987347,0.009111617,0.095454792,Mean,1,NA,NA,NA,1,0
74,Ridout 2016,1,1,1,25,25,42.7,41,0.6,12.6,1,1,106,NA,NA,NA,NA,NA,NA,0.84,1,NA,NA,28.9,28.9,12.6,NA,NA,NA,NA,NA,-0.908445381,0.984293194,-1.172720539,0.094566222,0.307516213,0.08,0.282842712,Mean,1,1,0,0,1,0
82,Young 2016c,1,1,1,16,16,37.1,37.8,0.875,NA,1,NA,114,NA,NA,NA,NA,NA,NA,0,0,NA,19.8,NA,28.58208955,NA,NA,NA,NA,NA,NA,-1.768115436,0.974789916,-1.723541097,0.17141553,0.414023586,0.125,0.353553391,Mean,1,NA,NA,NA,1,0
84,Kuffel 2014,1,1,1,20,20,30.8,30.8,0.7,11.25,1,1,NA,NA,NA,NA,NA,NA,NA,NA,1,NA,NA,25.2,25.2,NA,NA,NA,NA,NA,NA,-0.220863052,0.98013245,-0.216475044,0.100585768,0.317152594,0.1,0.316227766,Mean,1,NA,NA,NA,1,0
85,Yao 2010,1,1,1,60,60,29.7,31.43,0.6,12.23,1,1,NA,NA,NA,NA,NA,NA,NA,NA,1,NA,24.63,32.7,32.7,NA,NA,NA,NA,NA,NA,-0.733539657,0.993630573,-0.766264539,0.035785667,0.189170998,0.033333333,0.182574186,Mean,1,0,0,1,1,0
87,Fleischer 2015,1,1,1,24,67,35.8,30.2,1,11.9,1,1,NA,NA,NA,NA,NA,NA,NA,0,0,NA,NA,NA,NA,NA,NA,NA,NA,NA,NA,-0.06508406,0.991549296,-0.064534054,0.056614922,0.237938904,0.043956044,0.209656967,Mean,1,NA,NA,NA,1,0
88,Semkovska 2012,1,1,1,30,19,46.2,43.6,0.53,14.93,1,0,112.6,NA,NA,NA,NA,NA,NA,NA,1,NA,29.5,NA,43.05970149,NA,NA,NA,NA,NA,NA,-0.731820609,0.983957219,-0.720080171,0.091255886,0.302085892,0.081632653,0.285714286,F ,0,NA,NA,NA,1,0
89,Schlosser 2010,1,1,1,16,16,34.88,33.31,0.5,10.75,1,0,NA,NA,NA,NA,NA,NA,NA,1,1,NA,NA,23.4,23.4,NA,NA,NA,NA,NA,NA,-1.23574144,0.974789916,-0.73218636,0.135336364,0.367880911,0.125,0.353553391,Mean,1,1,0,0,1,0
92,Birch 2007,1,1,1,17,17,71.5,73.9,0.765,10.4,1,1,96.3,NA,NA,NA,NA,NA,NA,0.88,1,NA,NA,NA,NA,NA,NA,22.1,NA,NA,NA,-0.860089587,0.976377953,-0.839772511,0.12801791,0.357795906,0.117647059,0.34299717,Mean,1,NA,NA,NA,1,0
94,Sumner 2013,1,0,1,28,27,NA,NA,NA,NA,1,1,NA,NA,NA,NA,NA,NA,NA,NA,0,NA,NA,NA,NA,NA,NA,NA,NA,13.98,NA,0.374180173,0.985781991,0.315244066,0.073769226,0.271604909,0.072727273,0.269679945,Mean,0,NA,NA,NA,1,0
97,Anderson 2015,1,0,1,31,28,22.48,21.61,0.71,NA,1,1,NA,NA,NA,NA,NA,NA,NA,NA,0,NA,NA,NA,NA,NA,23.32,NA,NA,NA,NA,0,0.986784141,0,0.06797235,0.260715074,0.06779661,0.260377822,Mean,0,NA,NA,NA,1,0
98,Ramponi 2004,1,0,1,16,16,34.63,29.38,0.625,NA,1,NA,113.42,NA,NA,NA,NA,NA,NA,NA,0,NA,NA,14.63,14.63,NA,NA,NA,NA,NA,NA,-0.971976272,0.974789916,-0.74744679,0.134079876,0.366169191,0.125,0.353553391,Mean,1,1,0,0,1,0
102,Haringsma 2010,1,1,0,63,60,64.92,64.47,0.762,NA,1,1,NA,0.857,NA,NA,NA,NA,NA,0.22,0,NA,NA,NA,NA,NA,15.07,NA,NA,NA,NA,0.212365822,0.99378882,0.090714711,0.032631995,0.180643281,0.032520325,0.180333927,Mean,1,1,0,0,1,0
104,Anderson 2016: Experiment 1,1,0,1,30,31,20.87,20.29,0.867,NA,1,1,NA,NA,NA,NA,NA,NA,NA,NA,0,NA,NA,NA,NA,NA,25.2,NA,NA,NA,NA,-0.776270526,0.987234043,-0.766360689,0.070405404,0.265340167,0.06557377,0.25607376,Mean,0,0,1,0,1,0
106,Anderson 2016: Experiment 2,1,0,1,27,26,20.7,20.12,0.704,NA,1,1,NA,NA,NA,NA,NA,NA,NA,NA,0,NA,NA,NA,NA,NA,26.56,NA,NA,NA,NA,-0.318460128,0.985221675,-0.440664197,0.077482455,0.278356705,0.075471698,0.274721128,Mean,0,1,0,0,1,0
110,Goddard 2001: Primed,1,NA,1,15,15,NA,NA,NA,NA,NA,NA,NA,NA,NA,NA,NA,NA,NA,NA,1,NA,NA,NA,NA,NA,NA,NA,NA,NA,NA,-2.045082993,0.972972973,-1.576601041,0.177606882,0.421434315,0.133333333,0.365148372,Mean,1,1,0,0,1,0
112,Goddard 2001: non-primed,1,NA,1,15,15,NA,NA,NA,NA,NA,NA,NA,NA,NA,NA,NA,NA,NA,NA,1,NA,NA,NA,NA,NA,NA,NA,NA,NA,NA,-1.415348983,0.972972973,-1.240564717,0.159294028,0.399116559,0.133333333,0.365148372,Mean,1,1,0,0,1,0
114,Gupta 2012: Current MDD,1,1,1,10,10,40,43.6,0.5,16.5,1,1,NA,NA,37.5,37.5,NA,NA,30,NA,1,NA,22.8,NA,33.05970149,NA,NA,NA,NA,NA,NA,0.555962485,0.957746479,-0.446583618,0.228949627,0.47848681,0.2,0.447213595,Mean,1,0,0,1,1,0
116,Gupta 2012: Remitted MDD,1,1,0,10,10,43,43.6,0.5,15.7,1,1,NA,NA,37.9,37.9,NA,NA,60.6,NA,1,NA,6,NA,7.985074627,NA,NA,NA,NA,NA,NA,-0.600266151,0.957746479,-0.313508577,0.204165365,0.451846616,0.2,0.447213595,Mean,1,0,0,1,1,0
118,Rekart 2006,0,0,1,67,56,NA,NA,0.627,NA,NA,NA,NA,NA,NA,NA,NA,NA,NA,NA,0,NA,NA,NA,NA,NA,NA,NA,NA,NA,3.3,0.180886253,0.99378882,-0.085048428,0.03309698,0.181925754,0.032520325,0.180333927,Mean,1,1,0,0,1,0
122,Dickson 2006,1,0,1,17,17,NA,NA,NA,NA,NA,NA,NA,NA,NA,NA,NA,NA,NA,NA,0,NA,NA,20.05,20.05,NA,NA,NA,NA,NA,NA,-1.616339398,0.976377953,-0.947224668,0.135877719,0.368615951,0.117647059,0.34299717,Mean,1,1,0,0,1,0
125,McElhiney 1998,0,1,1,66,22,55.4,64.6,0.621,14.8,0,1,104.6,NA,NA,NA,NA,NA,NA,NA,1,NA,30.5,NA,44.55223881,NA,NA,NA,NA,NA,NA,-0.437624441,0.991253644,-0.433796822,0.061675263,0.248345048,0.045454545,0.213200716,Mean,0,NA,NA,NA,1,0
126,Renneberg 2005,1,1,1,27,30,39.1,28.4,1,10.6,0,1,NA,NA,NA,NA,NA,NA,NA,NA,1,NA,NA,24.4,24.4,NA,NA,NA,NA,NA,NA,-0.791798083,0.98630137,-0.61481456,0.07381939,0.27169724,0.070175439,0.264906471,Mean,1,1,0,0,1,0
129,Mitchell 2015,1,NA,0,10,24,NA,NA,NA,NA,NA,NA,NA,NA,NA,NA,NA,NA,NA,NA,0,NA,NA,NA,NA,NA,NA,NA,NA,NA,NA,-0.487556081,0.976377953,-0.476039008,0.144999213,0.380787622,0.117647059,0.34299717,Mean,0,NA,NA,NA,1,0
132,Jermann 2013: Current MDD,1,1,1,20,20,46.1,45.9,0.75,12.6,1,1,NA,NA,NA,NA,NA,NA,NA,0.95,1,25.8,NA,34.7,34.7,NA,NA,NA,NA,NA,NA,-0.665912092,0.98013245,-0.65268205,0.105324923,0.324538015,0.1,0.316227766,Mean,1,NA,NA,NA,1,0
134,Jermann 2013: Remitted MDD,1,1,0,36,20,46.8,45.9,0.694,15.4,1,1,NA,NA,NA,NA,NA,NA,NA,NA,1,4.6,NA,8.4,8.4,NA,NA,NA,NA,NA,NA,-0.110422175,0.986046512,-0.1088814,0.077883627,0.279076382,0.071428571,0.267261242,Mean,1,NA,NA,NA,1,0
135,Matsumoto 2020: Study 1,1,NA,1,25,25,20.96,21.4,0.4,NA,1,NA,NA,NA,NA,NA,NA,NA,NA,NA,0,NA,NA,19.06,19.06,NA,NA,NA,NA,NA,NA,-0.775065658,0.984293194,-0.8338278,0.087003007,0.294962721,0.08,0.282842712,Mean,1,1,0,0,1,0
139,Matsumoto 2020: Study 2 Remitted vs. HC,1,1,0,20,36,20.1,19.83,0.65,NA,1,NA,NA,0.5,NA,NA,NA,NA,NA,NA,0,NA,NA,14.35,14.35,NA,NA,NA,NA,NA,NA,-0.659467917,0.986046512,-0.641293883,0.081450442,0.285395237,0.071428571,0.267261242,Mean,1,1,0,0,1,0
143,"Sommerfeld 1998: Study 1, current MDD",0,1,1,27,36,NA,NA,NA,NA,NA,NA,NA,NA,NA,NA,NA,NA,NA,NA,0,NA,NA,18.19,18.19,NA,NA,NA,NA,NA,NA,0.242383623,0.987654321,-0.02228006,0.065090535,0.255128468,0.063492063,0.251976315,Mean,1,1,0,0,1,0
146,"Sommerfeld 1998: Study 1, remitted MDD",0,1,0,27,36,NA,NA,NA,NA,NA,NA,NA,NA,NA,NA,NA,NA,NA,NA,0,NA,NA,4.89,4.89,NA,NA,NA,NA,NA,NA,-0.164636986,0.987654321,-0.207914717,0.065177487,0.25529882,0.063492063,0.251976315,Mean,1,1,0,0,1,0
150,Latorre 2013,1,NA,1,33,33,72.09,72.52,0.576,NA,1,1,NA,NA,NA,NA,NA,NA,NA,0,0,NA,NA,NA,NA,NA,21.97,NA,NA,NA,NA,-0.47646289,0.988235294,-0.470857444,0.062285657,0.249570946,0.060606061,0.246182982,Mean,1,NA,NA,NA,1,0
151,Riggs 2005,1,1,1,24,24,38.75,38.38,1,NA,1,1,NA,NA,NA,NA,NA,NA,NA,0.79,1,NA,NA,28.46,28.46,NA,NA,NA,NA,NA,NA,-1.369369369,0.983606557,-1.346920691,0.102231202,0.319736144,0.083333333,0.288675135,Mean,1,NA,NA,NA,1,0
152,Kim 2018,1,1,1,26,54,41.19,37.15,0.65,NA,1,NA,NA,NA,NA,NA,NA,NA,NA,NA,0,NA,NA,28.35,28.35,NA,NA,NA,NA,NA,NA,1.205890225,0.990353698,0.015086733,0.065671758,0.256265015,0.05,0.223606798,Mean,1,1,0,0,1,0
154,Rohrer 2006: Past Attempt Group,1,1,1,17,23,36.7,37.8,0.824,NA,1,NA,91.1,NA,NA,NA,NA,NA,NA,NA,1,NA,19.9,26.2,26.2,NA,NA,NA,NA,NA,NA,-1.346340275,0.98013245,-1.324885773,0.12424367,0.352482156,0.1,0.316227766,Mean,1,1,0,0,1,0
156,Rohrer 2006: No attempt group,1,1,1,23,23,42.4,37.8,0.783,NA,1,NA,92.2,NA,NA,NA,NA,NA,NA,NA,1,NA,26.1,31.7,31.7,NA,NA,NA,NA,NA,NA,-1.456714081,0.982857143,-1.461043788,0.110168561,0.331916496,0.086956522,0.294883912,Mean,1,1,0,0,1,0
158,Stephens 2013: Neutral and positive cues,1,NA,1,15,15,NA,NA,1,NA,NA,NA,NA,NA,NA,NA,NA,NA,NA,NA,0,NA,NA,17.3,17.3,NA,NA,NA,NA,NA,NA,0,0.972972973,0,0.133333333,0.365148371,0.133333333,0.365148372,Mean,1,NA,NA,NA,1,0
159,Stephens 2013 Neutral and negative cues,1,NA,1,15,15,NA,NA,1,NA,NA,NA,NA,NA,NA,NA,NA,NA,NA,NA,0,NA,NA,17.9,17.9,NA,NA,NA,NA,NA,NA,0.294563908,0.972972973,0.286602721,0.134702352,0.36701819,0.133333333,0.365148372,Mean,1,NA,NA,NA,1,0
160,Falco 2015: Experiment 1,1,NA,1,13,27,NA,NA,NA,NA,NA,NA,NA,NA,NA,NA,NA,NA,NA,NA,0,NA,NA,NA,NA,NA,NA,NA,NA,NA,NA,-1.779294699,0.98013245,-0.873196833,0.132968541,0.364648517,0.1,0.316227766,Mean,1,NA,NA,NA,1,0
162,Falco 2015: Experiment 2,1,NA,1,15,25,NA,NA,NA,NA,NA,NA,NA,NA,NA,NA,NA,NA,NA,NA,0,NA,NA,NA,NA,NA,NA,NA,NA,NA,NA,0.031341994,0.98013245,0.063259046,0.106729924,0.32669546,0.1,0.316227766,Mean,1,NA,NA,NA,1,0
164,Falco 2015: Experiment 3,1,NA,1,20,80,NA,NA,NA,NA,NA,NA,NA,NA,NA,NA,NA,NA,NA,NA,0,NA,NA,16.7,16.7,NA,NA,NA,NA,NA,NA,-0.869394456,0.992327366,-0.86272391,0.066221463,0.257335312,0.04,0.2,Mean,1,NA,NA,NA,1,0
165,Sagfors 2017,0,1,1,34,35,34.29,31.66,0.5,NA,1,1,NA,NA,NA,17.29,NA,204,204,0.53,1,NA,NA,29,29,NA,NA,NA,NA,NA,NA,-0.76601772,0.988764045,-0.608828534,0.0608292,0.246635763,0.057971014,0.240771706,Mean,1,1,0,0,1,0
167,Akande 2004,0,1,1,15,15,48.33,34.4,0.6,NA,0,NA,NA,NA,NA,NA,NA,NA,NA,NA,1,NA,NA,28.73,28.73,NA,NA,NA,NA,NA,NA,-1.462877343,0.972972973,-1.423340118,0.167098285,0.408776571,0.133333333,0.365148372,Mean,1,NA,NA,NA,1,0
168,Burns 2014,0,NA,1,14,15,74.29,75.69,NA,11,1,1,NA,NA,NA,NA,NA,NA,NA,NA,1,NA,NA,NA,NA,10.71,NA,NA,NA,NA,NA,-3.071769429,0.971962617,-2.985645052,0.29178621,0.540172389,0.137931034,0.371390676,Mean,1,NA,NA,NA,1,0
169,McMahan 2001,0,NA,0.545,11,47,22.36,21.32,NA,NA,1,NA,NA,NA,NA,NA,NA,NA,NA,NA,0,NA,NA,17.18,17.18,NA,NA,NA,NA,NA,NA,-0.435297205,0.986547085,-0.46162168,0.114031637,0.337685707,0.068965517,0.262612866,Mean,1,1,0,0,1,0
171,Kao 2007: Study 1,0,NA,1,30,30,NA,NA,0.8,NA,NA,NA,NA,NA,NA,NA,NA,NA,NA,NA,0,NA,NA,NA,NA,NA,NA,NA,NA,NA,NA,-0.854943496,0.987012987,-0.843840334,0.072600554,0.2694449,0.066666667,0.25819889,Mean,1,NA,NA,NA,1,0
173,Kao 2007: Study 2,0,1,1,30,30,39.47,39.33,NA,10.97,1,1,NA,NA,NA,NA,NA,NA,NA,NA,1,NA,NA,30.57,30.57,NA,NA,NA,NA,NA,NA,-4.245914281,0.987012987,-4.190772537,0.213021454,0.461542473,0.066666667,0.25819889,Mean,1,NA,NA,NA,1,0
175,Begovic 2020,0,1,1,21,31,21.29,21.94,0.905,14.76,1,1,NA,NA,NA,NA,NA,NA,NA,0.333,0,NA,NA,32.65,32.65,NA,NA,NA,NA,NA,NA,0.128456099,0.984924623,0.41771506,0.081842787,0.286081783,0.076923077,0.277350098,Mean,1,1,0,0,1,0
179,Garcez Aur??lio Dos Santos 2017,0,1,1,32,32,47.72,45.41,0.688,10.72,1,0,NA,NA,NA,NA,NA,NA,NA,NA,1,NA,12.56,20.41,20.41,NA,NA,NA,NA,NA,NA,-0.105244268,0.987854251,-0.103965998,0.062584445,0.250168833,0.0625,0.25,Mean,0,NA,NA,NA,1,0
180,Kosnes 2010: Experiment 10,0,NA,1,22,19,25.78,24.45,0.727,NA,1,NA,NA,NA,NA,NA,NA,NA,NA,NA,0,NA,NA,13.78,13.78,NA,NA,NA,NA,NA,NA,-0.654550834,0.980645161,-0.551549828,0.10189548,0.319210714,0.097560976,0.312347524,Mean,1,1,0,0,1,0
